Job Position,Promoted From 1,Promoted From 2,Promoted From 3,Promoted To 1,Promoted To 2,Promoted To 3
Service Desk Analyst 1,IT Experience,"College Graduates (CS, ENG, OMIS)",Customer Support Experience,Application Support Specialist 1,Desktop Support 1,Information Security Analyst 1
Service Desk Analyst 2,Associate Degree,Service Desk Analyst 1,Specialized IT Support Experience,Application Support Specialist 2,Desktop Support 2,Information Security Analyst 2
Service Desk Analyst 3,Bachelor Degree IT related,Service Desk Analyst 2,Application Support Specialist 1,Application Support Specialist 3,Desktop Support 3,IT Manager
Service Desk Analyst 4,Graduate Degree IT related,Service Desk Analyst 3,Desktop Support 2,Application Programer Analyst 1,Systems Administrator 1,IT Manager
Computer Operations Specialist 1,"High School, Assoc Degree in IT",Service Desk Analyst 1,Service Desk Analyst 2,Computer Operations Specialist 2,Field Services Technician 1,Desktop Support 1
Computer Operations Specialist 2,College Grad in IT or Facilities Managment,Field Services Technician 1,Desktop Support 1,IT Manager,Storage Administrator 1,Systems Administrator 1
IT Scheduling Associate 1,"High School, Assoc Degree in IT",Service Desk Analyst 1,Computer Operations Specialist 1,IT Scheduling Associate 2,Computer Operations Specialist 2,Application Support Specialist 1
IT Scheduling Associate 2,"College Graduates (OMIS,CS)",IT Scheduling Associate 1,Application Support Specialist 1,Service Desk Analyst 1,IT Scheduling Associate 3,ERP Application Developer 1
IT Scheduling Associate 3,"College Graduates (OMIS,CS)",IT Scheduling Associate 2,Application Support Specialist 2,IT Manager,Project Manager 1,Application Support Specialist 3
IT Manager,Project Manager 1,Tech Title 3,,Project Manager 2,Tech Title 3,
Field Services Technician 1,College Graduates (CS),AAS Network Technolgies Grad,Vocational and Trade School Grad,Field Services Technician 2,Broadcast Engineer 1,Network Engineer 1
Field Services Technician 2,College Graduates (CS) + 2 years IT experience,College Graduates (CS),AAS Network Technolgies Grad,Field Services Technician 3,Broadcast Engineer 1,Network Engineer 1
Field Services Technician 3,College Graduates (CS) + 4 years IT experience,College Graduates (CS),Field Services Technician 2,Field Services Technician 4,Broadcast Engineer 2,Network Engineer 1
Field Services Technician 4,College Graduates (CS) + 7 years IT experience,Field Services Technician 2,Field Services Technician 3,Network Engineer 2,Broadcast Engineer 2,Network Engineer 1
Broadcast Engineer 1,College Graduates (CS),SBE Certification,Field Services Technician 3,Broadcast Engineer 2,Network Engineer 2,Network Engineer 1
Broadcast Engineer 2,College Graduates (CS) + 2 years IT experience,SBE Certification,Broadcast Engineer 1,Broadcast Engineer 3,Network Engineer 2,Network Engineer 1
Broadcast Engineer 3,College Graduates (CS) + 4 years IT experience,SBE Certification,Broadcast Engineer 2,IT Manager,Network Engineer 4,Network Engineer 3
Application Support Specialist 1,Service Desk Analyst 2,Cloud Services Engineer 1,Windows SysAdmin 1,Application Support Specialist 2,Cloud Services Engineer 2,Application Programer Analyst 1
Application Support Specialist 2,Application Support Specialist 1,Application Programer Analyst 1,Windows SysAdmin 2,Application Support Specialist 3,Cloud Services Engineer 3,Application Programer Analyst 2
Application Support Specialist 3,Application Support Specialist 2,Application Programer Analyst 2,Windows SysAdmin 3,IT Manager,Project Manager 1,Application Programer Analyst 3
Application Programer Analyst 1,"College Graduates (OMIS,CS)",Application Support Specialist 1,ERP Application Developer 1,Application Programer Analyst 2,ERP Application Developer 1,Infrastructure DBA 1
Application Programer Analyst 2,College Graduate + 2 yrs experience,Application Support Specialist 2,ERP Application Developer 2,Application Programer Analyst 3,ERP Application Developer 2,Infrastructure DBA 2
Application Programer Analyst 3,College Graduate + 5 yrs experience,Application Support Specialist 3,ERP Application Developer 3,Application Programer Analyst 4,ERP Application Developer 3,Infrastructure DBA 3
Application Programer Analyst 4,College Graduate + 7 yrs experience,Application Support Specialist 3,ERP Application Developer 4,IT Manager,ERP Application Developer 4,Project Manager 1
Desktop Support 1,High School Grad (PC Experience),Service Desk Analyst 1,Network Field Service 1,Desktop Support 2,Service Desk Analyst 2,Network Field Service 2
Desktop Support 2,"College Graduates (OMIS,CS)",Service Desk Analyst 3,Desktop Support 1,Desktop Support 3,Security Analyst 1,Application Support Specialist 1
Desktop Support 3,Desktop Support 2,Application Support Specialist 2,Service Desk Analyst 4,Desktop Support 4,Windows SysAdmin 1,Network Engineer 1
Desktop Support 4,Desktop Support 3,Windows SysAdmin 3,Network Engineer 3,Network Engineer 2,Security Analyst 2,Application Support Specialist 2
Lab Tech Coordinator,High School Grad,Classroom & Media Technologist 1,Service Desk Analyst 1,Service Desk Analyst 2,Desktop Support 1,Classroom & Media Technologist 2
Classroom & Media Technologist 1,High School Grad,Service Desk Analyst 1,Lab Tech Coordinator,Classroom & Media Technologist 2,Desktop Support 1,Service Desk Analyst 2
Classroom & Media Technologist 2,"College Graduates (OMIS,CS)",Classroom & Media Technologist 1,Desktop Support 1,Classroom & Media Technologist 3,Desktop Support 2,Security Analyst 1
Classroom & Media Technologist 3,Classroom & Media Technologist 2,Desktop Support 2,Network Engineer 2,Classroom & Media Technologist 4,Application Support Specialist 1,Security Analyst 2
Classroom & Media Technologist 4,Classroom & Media Technologist 3,Network Engineer 3,Windows SysAdmin 3,Application Support Specialist 2,Windows SysAdmin 2,Network Engineer 2
Project Manager 1,Application Support Specialist 2,Service Desk Analyst 2,Desktop Support Specialist 2,Project Manager 2,IT Manager,Service Manager 2
Project Manager 2,Application Support Specialist 3,IT Manager,Project Manager 1,Project Manager 3,IT Manager,IT Director
Project Manager 3,"Masters Degree (MBA, PM)",IT Manager,Project Manager 2,IT Director,IT AVP,
Training and Testing Specialist 1,Application Support Specialist 1,Desktop Support Specialist 1,Service Desk Analyst 1,Training and Testing Specialist 2,Service Desk Analyst 2,Desktop Support Specialist 2
Training and Testing Specialist 2,Application Support Specialist 1,Training and Testing Specialist 1,Service Desk Analyst 2,Training and Testing Specialist 3,Service Desk Analyst 3,
Training and Testing Specialist 3,Application Support Specialist 2,Training and Testing Specialist 2,Service Manager 1,Training and Testing Specialist 4,Service Desk Analyst 4,Service Manager 2
Training and Testing Specialist 4,Service Desk Analyst 4,Training and Testing Specialist 3,Service Manager 2,IT Manager,,
Service Manager 1,Service Desk Analyst 1,Service Desk Analyst 2,Application Support Specialist 1,Service Manager 2,Project Manager 1,IT Manager
Service Manager 2,Service Manager 1,Service Desk Analyst 3,Project Manager 1,Service Manager 3,IT Manager,IT Director
Service Manager 3,Service Manager 2,IT Manager,Service Desk Analyst 4,IT Director,IT AVP,
ERP Application Developer 1,"College Graduates (OMIS,CS)",Application Programer Analyst 2,Application Support Specialist 2,ERP Application Developer 2,,
ERP Application Developer 2,ERP Application Developer 1,Application Programer Analyst 2,Application Support Specialist 2,ERP Application Developer 3,Application DBA 2,
ERP Application Developer 3,ERP Application Developer 2,,,ERP Application Developer 4,Application DBA 3,IT Manager
ERP Application Developer 4,ERP Application Developer 3,,,,Infrastructure DBA 4,IT Manager
Infrastructure DBA 1,College Graduates (CS),Systems Administrator 1,,,,
Infrastructure DBA 2,College Graduates (CS),Systems Administrator 2,,Infrastructure DBA 3,,
Infrastructure DBA 3,Infrastructure DBA 2,,,Infrastructure DBA 4,,
Infrastructure DBA 4,Infrastructure DBA 3,,,ERP Application Developer 4,,
Application DBA 1,"College Graduates (OMIS,CS)",,,Application DBA 2,Application DBA 3,
Application DBA 2,"College Graduates (OMIS,CS)",ERP Application Developer 2,Application Programer Analyst 2,Application DBA 3,Application DBA 4,
Application DBA 3,Application DBA 2,,,Application DBA 4,,
Application DBA 4,Application DBA 3,,,,,
Systems Administrator 1,"College Graduates (OMIS,CS)",Desktop Support 2,Application Support Specialist 2,Systems Administrator 2,Information Security Analyst 1,Directory Services Engineer 1
Systems Administrator 2,Service Desk Analyst 2,Systems Administrator 1,Information Security Analyst 2,Systems Administrator 3,Storage Administrator 1,Cloud Services Engineer 1
Systems Administrator 3,Network Engineer 3,Systems Administrator 2,Application Programer Analyst 3,Cloud Services Engineer 2,IT Manager,Project Manager 1
Storage Administrator 1,"College Graduates (OMIS,CS)",Systems Administrator 2,Desktop Support 2,Storage Administrator 2,Cloud Services Engineer 1,Systems Administrator 1
Storage Administrator 2,Service Desk Analyst 2,Storage Administrator 1,Application Support Specialist 2,Storage Administrator 3,Cloud Services Engineer 2,Systems Administrator 2
Storage Administrator 3,Network Engineer 3,Storage Administrator 2,Cloud Services Engineer 2,Network Engineer 3,IT Manager,Project Manager 1
Cloud Services Engineer 1,"College Graduates (OMIS,CS)",Directory Services Engineer 1,Systems Administrator 2,Cloud Services Engineer 2,Directory Services Engineer 1,Storage Administrator 1
Cloud Services Engineer 2,Information Security Analyst 3,Cloud Services Engineer 1,Systems Administrator 3,Cloud Services Engineer 3,Directory Services Engineer 2,Storage Administrator 2
Cloud Services Engineer 3,Application Programer Analyst 4,Cloud Services Engineer 2,Network Engineer 4,Project Manager 1,IT Manager,Storage Administrator 3
Directory Services Engineer 1,"College Graduates (OMIS,CS)",Cloud Services Engineer 1,Systems Administrator 2,Directory Services Engineer 2,Cloud Services Engineer 1,Storage Administrator 1
Directory Services Engineer 2,Security Analyst 2,Directory Services Engineer 1,Cloud Services Engineer 2,Directory Services Engineer 3,Cloud Services Engineer 2,Security Analyst 2
Directory Services Engineer 3,Security Analyst 3,Directory Services Engineer 2,Cloud Services Engineer 3,Information Security Analyst 2,IT Manager,Project Manager 1
Information Security Analyst 1,Desktop Support 2,Service Desk Analyst 2,Systems Administrator 1,Information Security Analyst 2,Systems Administrator 1,Network Engineer 1
Information Security Analyst 2,Information Security Analyst 1,Network Engineer 2,Cloud Services Engineer 2,Information Security Analyst 3,Cloud Services Engineer 1,ERP Application Developer 1
Information Security Analyst 3,Information Security Analyst 2,Network Engineer 3,Systems Administrator 4,Information Security Analyst 4,Information Security Program Manager,Project Manager 1
Network Engineer 1,Field Services Technician 1,"College Graduates (CS, ENG)",Service Desk Analyst 1,Network Engineer 2,Network Engineer 3,Network Engineer 4
Network Engineer 2,Network Engineer 1,"College Graduates (CS, ENG)",Information Security Analyst 2,Network Engineer 3,Network Engineer 4,Manager Network Engineering
Network Engineer 3,Network Engineer 2,"College Graduates (CS, ENG)",Information Security Analyst 3,Network Engineer 4,Manager Network Engineering,Information Security Analyst 3
Network Engineer 4,Network Engineer 3,"College Graduates (CS, ENG)",Information Security Analyst 4,Project Manager 1,Manager Network Engineering,Security Analyst 4